[
{"type":"header","version":"5.2.2","comment":"Export to JSON plugin for PHPMyAdmin"},
{"type":"database","name":"db3egsikbjodij"},
{"type":"table","name":"iatools","database":"db3egsikbjodij","data":
[
{"ID":"9f50e33e-b303-408f-9f2d-c7bc5e1a8851","herramientaAI":"Elevenlabs IA","descripcion":"Herramienta para crear voces desde texto. La mejor herramienta para crear voces en off o explicaciones en nuestros montajes de video","url":"https:\/\/elevenlabs.io\/","tipo":"Texto a Voz","planGratuito":"1","estrellas":"4","icon":"elevenlabs.png","url_formacion":"https:\/\/www.youtube.com\/watch?v=JY71mddtGus&t=0s","fecha_alta":"2024-05-04 12:35:39"},
{"ID":"4c8c6f83-b8e6-44b0-8b68-3231a8b8ebb4","herramientaAI":"Fliki IA","descripcion":"Convierte texto en videos mediante IA, permitiendo crear contenido visual de manera rápida y personalizada.","url":"https:\/\/fliki.ai\/?via=keikodev","tipo":"Edición de video","planGratuito":"1","estrellas":"3","icon":"flikiai.png","url_formacion":"https:\/\/www.youtube.com\/watch?v=37U3vgynw-E&t=22s","fecha_alta":"2024-05-04 12:35:39"},
{"ID":"19f94d92-bc2e-43aa-9a8e-ce7ddb30ca0e","herramientaAI":"Suno","descripcion":"Herramienta de IA para crear música, desde un concepto a darle las estrofas de nuestra canción e indicar el tipo de música","url":"https:\/\/suno.com\/","tipo":"Texto a música","planGratuito":"1","estrellas":"5","icon":"suno.png","url_formacion":"https:\/\/www.youtube.com\/watch?v=JY71mddtGus&t=0s","fecha_alta":"2024-05-04 12:35:39"},
{"ID":"36b98cab-9dc6-4206-80dc-adcae3d3dc0c","herramientaAI":"SeaArt IA","descripcion":"Herramienta de IA que te ayuda a crear arte fácilmente. Crea cualquier imagen por IA con una consistencia en los personajes, que contenga la misma cara.","url":"https:\/\/www.seaart.ai\/u\/2O4ECSPW","tipo":"Edición de imagen","planGratuito":"1","estrellas":"5","icon":"seaart.png","url_formacion":"https:\/\/www.youtube.com\/watch?v=PXsZPDs-bRU","fecha_alta":"2024-05-04 12:35:39"},
{"ID":"c053e193-3857-4f79-be21-e3384cf0ed3c","herramientaAI":"Leonardo AI","descripcion":"Sin duda la mejor herramienta de inteligencia artificial para crear imágenes mediante prompt. ","url":"https:\/\/app.leonardo.ai\/?via=keikodev","tipo":"Edición de imagen","planGratuito":"1","estrellas":"5","icon":"leonardo.png","url_formacion":"https:\/\/www.youtube.com\/watch?v=95BeH1RZM3Q&t=0s","fecha_alta":"2024-05-04 12:35:39"},
{"ID":"880f8128-aae9-4b30-b3eb-fceb6752385d","herramientaAI":"Vectorizer IA","descripcion":"Herramienta de IA para vectorizar imagenes mediante la inteligencia artificial","url":"https:\/\/es.vectorizer.ai\/","tipo":"Edición de imagen","planGratuito":"0","estrellas":"2","icon":"vectorizer.png","url_formacion":"","fecha_alta":"2024-05-04 12:35:39"},
{"ID":"c876ab30-30a8-45c2-a7e6-fd965060eabd","herramientaAI":"Playground","descripcion":"IA Playground permite explorar IA con herramientas y proyectos sobre aprendizaje automático y redes neuronales. Los usuarios crean, comparten y colaboran en proyectos de IA.","url":"https:\/\/playground.com\/","tipo":"Edición de imagen","planGratuito":"1","estrellas":"3","icon":"playground.png","url_formacion":"https:\/\/www.youtube.com\/watch?v=dufJC3-ZPW0","fecha_alta":"2024-05-04 12:35:39"},
{"ID":"6139a56a-cd66-42a6-94aa-00673955fdf3","herramientaAI":"Adobe Background Remover","descripcion":"Herramienta que elimina fácilmente fondos no deseados de imágenes. Utiliza inteligencia artificial para detectar y eliminar automáticamente el fondo, facilitando la creación de imágenes transparentes.","url":"https:\/\/www.adobe.com\/es\/express\/feature\/image\/remove-background","tipo":"Edición de imagen","planGratuito":"1","estrellas":"3","icon":"adobe.png","url_formacion":"","fecha_alta":"2024-05-04 12:35:39"},
{"ID":"31382633-8a52-49aa-8b62-53ca90bce8f9","herramientaAI":"Pictory AI","descripcion":"Pictory.AI ofrece herramientas de edición de video impulsadas por inteligencia artificial. Permite mejorar y editar videos de manera fácil y rápida, con funciones como ajuste de color, eliminación de fondo y efectos especiales.","url":"https:\/\/pictory.ai\/","tipo":"Edición de video","planGratuito":"1","estrellas":"3","icon":"pictory.png","url_formacion":"","fecha_alta":"2024-05-04 12:35:39"},
{"ID":"f456e47e-3685-4c7a-940f-052fc5fccd5b","herramientaAI":"Runway","descripcion":"Una nueva suite de herramientas creativas diseñadas para convertir las ideas en tu cabeza en realidad. Todo posible con modelos de IA que pueden entender y generar mundos.","url":"https:\/\/runwayml.com\/","tipo":"Edición de video","planGratuito":"1","estrellas":"4","icon":"runway.png","url_formacion":"","fecha_alta":"2024-05-04 12:35:39"},
{"ID":"29fb7647-fb80-4ee1-b9cc-9e168c4fb8b8","herramientaAI":"Seowriting AI","descripcion":"Herramienta de generación por inteligencia artificial de artículos, reviews, post blog, etc.","url":"https:\/\/seowriting.ai\/","tipo":"Editores","planGratuito":"1","estrellas":"3","icon":"","url_formacion":"","fecha_alta":"2024-05-04 12:35:39"},
{"ID":"776c655e-21de-4ddd-aaba-5e1f3ca2c346","herramientaAI":"Aiwisemind","descripcion":"Simplifica la creación de contenido para blogs mediante la generación de modelos de IA que pueden ayudar en la redacción de post, optimizando el proceso creativo y la productividad del escritor.","url":"https:\/\/aiwisemind.com\/","tipo":"Editores","planGratuito":"0","estrellas":"2","icon":"","url_formacion":"","fecha_alta":"2024-05-04 12:35:39"},
{"ID":"54e9f512-8cdf-4c23-9509-655c63707ca5","herramientaAI":"Koala AI","descripcion":" Koala es una plataforma especializada en la creación de contenido asistida por IA, agilizando y mejorando el proceso creativo con herramientas inteligentes y colaborativas.","url":"https:\/\/koala.sh\/","tipo":"Editores","planGratuito":"1","estrellas":"3","icon":"","url_formacion":"","fecha_alta":"2024-05-04 12:35:39"},
{"ID":"0b8001f8-ce46-40d8-a68f-cc69a01664fd","herramientaAI":"Creación WEB Hostinger","descripcion":"Herramienta de creación de páginas web mediante inteligencia artificial, todo lo necesario para tener en marcha en pocos minutos","url":"https:\/\/hostinger.es?REFERRALCODE=1KEIKODEV43","tipo":"Creación WEB","planGratuito":"0","estrellas":"4","icon":"","url_formacion":"","fecha_alta":"2024-05-04 12:35:39"},
{"ID":"2e3fd1fb-ae0d-405a-acab-e4ec540358be","herramientaAI":"Mixo","descripcion":"Creador de páginas web con Inteligencia Artificial, solo añade una idea y esta IA hará el resto por tí","url":"https:\/\/www.mixo.io\/?via=a14be9","tipo":"Creación WEB","planGratuito":"1","estrellas":"4","icon":"","url_formacion":"","fecha_alta":"2024-05-04 12:35:39"},
{"ID":"e4ee9597-9849-4d96-a7c0-77f09afeeea2","herramientaAI":"Upscale AI","descripcion":"Fantástica herramienta para escalar las fotos a mejor calidad mediante inteligencia artificial.","url":"https:\/\/www.upscale.media\/es","tipo":"Edición de imagen","planGratuito":"1","estrellas":"3","icon":"upscale.png","url_formacion":"","fecha_alta":"2024-05-04 12:35:39"},
{"ID":"d1eff9a9-3877-4112-8efa-7108b8ef7bcf","herramientaAI":"Media IO","descripcion":"Herramienta para el borrado en vídeos, marcas de agua, conservando la calidad","url":"https:\/\/anieraser.media.io\/","tipo":"Edición de video","planGratuito":"1","estrellas":"3","icon":"mediaio.png","url_formacion":"","fecha_alta":"2024-05-04 12:35:39"},
{"ID":"5b9f72ba-c726-4bf2-ac3b-978020162ba8","herramientaAI":"Murf AI","descripcion":"Herramienta IA para la generación de texto a voz","url":"https:\/\/murf.ai\/","tipo":"Texto a Voz","planGratuito":"1","estrellas":"3","icon":"murfai.png","url_formacion":"","fecha_alta":"2024-05-04 12:35:39"},
{"ID":"64761228-8386-4a20-a0dd-3aa6332be507","herramientaAI":"Formula bot","descripcion":"Pídele a este IA todas tus fórmulas excel. Se requiere registro y el plan gratuito permite hasta 5 consultas mensuales","url":"https:\/\/formulabot.com\/","tipo":"Asistente","planGratuito":"1","estrellas":"2","icon":"formulabot.png","url_formacion":"","fecha_alta":"2024-05-04 12:35:39"},
{"ID":"2bfccc59-6ceb-41d8-b2c2-1d4fc2c6525a","herramientaAI":"Ajelix","descripcion":"Permite escribir y explicar fórmulas de manera rápida e intuitiva. También reconoce palabras clave y genera fórmulas de Excel basadas en ellas. ","url":"https:\/\/ajelix.com\/es\/inicio\/","tipo":"Asistente","planGratuito":"1","estrellas":"3","icon":"ajelix.png","url_formacion":"","fecha_alta":"2024-05-04 12:35:39"},
{"ID":"f715b484-27ae-4055-8d4a-4e02275cdea1","herramientaAI":"PowerExel AI","descripcion":"Descubre cómo esta herramienta integrada en Office 365 facilita la preparación de datos, la generación de informes poderosos y la automatización de tareas en Excel. Optimiza tu flujo de trabajo con Power Query, Pivot Tables y más.","url":"https:\/\/www.powerweb5.ai\/powerexcel-ai-pivottable-powerquery","tipo":"Asistente","planGratuito":"1","estrellas":"3","icon":"powerexel.png","url_formacion":"","fecha_alta":"2024-05-04 12:35:39"},
{"ID":"8ef18a43-1a0d-4d6b-94e8-009a1daaa199","herramientaAI":"LeiaPix","descripcion":"Haz que tus imágenes cobren vida con esta IA.","url":"https:\/\/www.leiapix.com\/","tipo":"Edición de video","planGratuito":"1","estrellas":"4","icon":"leiapix.png","url_formacion":"","fecha_alta":"2024-05-04 12:35:39"},
{"ID":"b49afbf0-079d-472e-878f-56442a144d95","herramientaAI":"Pixverse AI","descripcion":"Tus imagenes cobrarán vida con esta IA, crea vídeos con prompt desde texto, imagen o personaje","url":"https:\/\/pixverse.ai\/","tipo":"Edición de video","planGratuito":"1","estrellas":"4","icon":"pixverseai","url_formacion":"","fecha_alta":"2024-05-04 12:42:00"}
]
}
]
